numero;descripcion;conclusion;idincidente;nroplaca
0;Does your lorem ipsum text long for something a little meatier? Give our generator a try… it’s tasty;Turkey rump landjaeger filet mignon shank frankfurter jerky brisket tri-tip turducken cupim meatball;225;552
1;Spicy jalapeno bacon ipsum dolor amet boudin hamburger ground round frankfurter meatball. Beef bilto;Turkey rump landjaeger filet mignon shank frankfurter jerky brisket tri-tip turducken cupim meatball;95;503
2;Turkey rump landjaeger filet mignon shank frankfurter jerky brisket tri-tip turducken cupim meatball;Jerky beef strip steak, pancetta bresaola shank leberkas. Chuck cow bacon pork chop, biltong rump ba;217;573
3;Does your lorem ipsum text long for something a little meatier? Give our generator a try… it’s tasty;Spicy jalapeno bacon ipsum dolor amet boudin hamburger ground round frankfurter meatball. Beef bilto;602;960
4;Ham hock beef bacon, cupim pork belly burgdoggen meatball pork boudin buffalo tongue short loin fran;Does your lorem ipsum text long for something a little meatier? Give our generator a try… it’s tasty;544;394
5;Jerky beef strip steak, pancetta bresaola shank leberkas. Chuck cow bacon pork chop, biltong rump ba;Ham hock beef bacon, cupim pork belly burgdoggen meatball pork boudin buffalo tongue short loin fran;147;203
6;Ham hock beef bacon, cupim pork belly burgdoggen meatball pork boudin buffalo tongue short loin fran;Spicy jalapeno bacon ipsum dolor amet boudin hamburger ground round frankfurter meatball. Beef bilto;763;241
7;Turkey rump landjaeger filet mignon shank frankfurter jerky brisket tri-tip turducken cupim meatball;Turkey rump landjaeger filet mignon shank frankfurter jerky brisket tri-tip turducken cupim meatball;94;237
8;Does your lorem ipsum text long for something a little meatier? Give our generator a try… it’s tasty;Ham hock beef bacon, cupim pork belly burgdoggen meatball pork boudin buffalo tongue short loin fran;947;150
9;Does your lorem ipsum text long for something a little meatier? Give our generator a try… it’s tasty;Ham hock beef bacon, cupim pork belly burgdoggen meatball pork boudin buffalo tongue short loin fran;180;797
10;Jerky beef strip steak, pancetta bresaola shank leberkas. Chuck cow bacon pork chop, biltong rump ba;Jerky beef strip steak, pancetta bresaola shank leberkas. Chuck cow bacon pork chop, biltong rump ba;440;510
11;Ham hock beef bacon, cupim pork belly burgdoggen meatball pork boudin buffalo tongue short loin fran;Turkey rump landjaeger filet mignon shank frankfurter jerky brisket tri-tip turducken cupim meatball;579;428
12;Turkey rump landjaeger filet mignon shank frankfurter jerky brisket tri-tip turducken cupim meatball;Turkey rump landjaeger filet mignon shank frankfurter jerky brisket tri-tip turducken cupim meatball;981;344
13;Turkey rump landjaeger filet mignon shank frankfurter jerky brisket tri-tip turducken cupim meatball;Spicy jalapeno bacon ipsum dolor amet boudin hamburger ground round frankfurter meatball. Beef bilto;136;655
14;Does your lorem ipsum text long for something a little meatier? Give our generator a try… it’s tasty;Jerky beef strip steak, pancetta bresaola shank leberkas. Chuck cow bacon pork chop, biltong rump ba;946;989
15;Jerky beef strip steak, pancetta bresaola shank leberkas. Chuck cow bacon pork chop, biltong rump ba;Turkey rump landjaeger filet mignon shank frankfurter jerky brisket tri-tip turducken cupim meatball;867;468
16;Spicy jalapeno bacon ipsum dolor amet boudin hamburger ground round frankfurter meatball. Beef bilto;Spicy jalapeno bacon ipsum dolor amet boudin hamburger ground round frankfurter meatball. Beef bilto;651;651
17;Jerky beef strip steak, pancetta bresaola shank leberkas. Chuck cow bacon pork chop, biltong rump ba;Jerky beef strip steak, pancetta bresaola shank leberkas. Chuck cow bacon pork chop, biltong rump ba;153;344
18;Turkey rump landjaeger filet mignon shank frankfurter jerky brisket tri-tip turducken cupim meatball;Jerky beef strip steak, pancetta bresaola shank leberkas. Chuck cow bacon pork chop, biltong rump ba;121;913
19;Does your lorem ipsum text long for something a little meatier? Give our generator a try… it’s tasty;Jerky beef strip steak, pancetta bresaola shank leberkas. Chuck cow bacon pork chop, biltong rump ba;736;751
20;Spicy jalapeno bacon ipsum dolor amet boudin hamburger ground round frankfurter meatball. Beef bilto;Jerky beef strip steak, pancetta bresaola shank leberkas. Chuck cow bacon pork chop, biltong rump ba;988;764
21;Ham hock beef bacon, cupim pork belly burgdoggen meatball pork boudin buffalo tongue short loin fran;Ham hock beef bacon, cupim pork belly burgdoggen meatball pork boudin buffalo tongue short loin fran;66;346
22;Spicy jalapeno bacon ipsum dolor amet boudin hamburger ground round frankfurter meatball. Beef bilto;Ham hock beef bacon, cupim pork belly burgdoggen meatball pork boudin buffalo tongue short loin fran;448;281
23;Ham hock beef bacon, cupim pork belly burgdoggen meatball pork boudin buffalo tongue short loin fran;Spicy jalapeno bacon ipsum dolor amet boudin hamburger ground round frankfurter meatball. Beef bilto;919;151
24;Jerky beef strip steak, pancetta bresaola shank leberkas. Chuck cow bacon pork chop, biltong rump ba;Ham hock beef bacon, cupim pork belly burgdoggen meatball pork boudin buffalo tongue short loin fran;869;939
25;Ham hock beef bacon, cupim pork belly burgdoggen meatball pork boudin buffalo tongue short loin fran;Jerky beef strip steak, pancetta bresaola shank leberkas. Chuck cow bacon pork chop, biltong rump ba;145;232
26;Turkey rump landjaeger filet mignon shank frankfurter jerky brisket tri-tip turducken cupim meatball;Turkey rump landjaeger filet mignon shank frankfurter jerky brisket tri-tip turducken cupim meatball;160;932
27;Turkey rump landjaeger filet mignon shank frankfurter jerky brisket tri-tip turducken cupim meatball;Spicy jalapeno bacon ipsum dolor amet boudin hamburger ground round frankfurter meatball. Beef bilto;752;322
28;Ham hock beef bacon, cupim pork belly burgdoggen meatball pork boudin buffalo tongue short loin fran;Ham hock beef bacon, cupim pork belly burgdoggen meatball pork boudin buffalo tongue short loin fran;751;281
29;Jerky beef strip steak, pancetta bresaola shank leberkas. Chuck cow bacon pork chop, biltong rump ba;Does your lorem ipsum text long for something a little meatier? Give our generator a try… it’s tasty;980;370
30;Turkey rump landjaeger filet mignon shank frankfurter jerky brisket tri-tip turducken cupim meatball;Jerky beef strip steak, pancetta bresaola shank leberkas. Chuck cow bacon pork chop, biltong rump ba;994;564
31;Jerky beef strip steak, pancetta bresaola shank leberkas. Chuck cow bacon pork chop, biltong rump ba;Turkey rump landjaeger filet mignon shank frankfurter jerky brisket tri-tip turducken cupim meatball;23;515
32;Jerky beef strip steak, pancetta bresaola shank leberkas. Chuck cow bacon pork chop, biltong rump ba;Does your lorem ipsum text long for something a little meatier? Give our generator a try… it’s tasty;946;177
33;Turkey rump landjaeger filet mignon shank frankfurter jerky brisket tri-tip turducken cupim meatball;Ham hock beef bacon, cupim pork belly burgdoggen meatball pork boudin buffalo tongue short loin fran;444;166
34;Jerky beef strip steak, pancetta bresaola shank leberkas. Chuck cow bacon pork chop, biltong rump ba;Does your lorem ipsum text long for something a little meatier? Give our generator a try… it’s tasty;48;701
35;Does your lorem ipsum text long for something a little meatier? Give our generator a try… it’s tasty;Turkey rump landjaeger filet mignon shank frankfurter jerky brisket tri-tip turducken cupim meatball;924;52
36;Does your lorem ipsum text long for something a little meatier? Give our generator a try… it’s tasty;Does your lorem ipsum text long for something a little meatier? Give our generator a try… it’s tasty;368;857
37;Turkey rump landjaeger filet mignon shank frankfurter jerky brisket tri-tip turducken cupim meatball;Jerky beef strip steak, pancetta bresaola shank leberkas. Chuck cow bacon pork chop, biltong rump ba;305;199
38;Ham hock beef bacon, cupim pork belly burgdoggen meatball pork boudin buffalo tongue short loin fran;Ham hock beef bacon, cupim pork belly burgdoggen meatball pork boudin buffalo tongue short loin fran;202;856
39;Does your lorem ipsum text long for something a little meatier? Give our generator a try… it’s tasty;Does your lorem ipsum text long for something a little meatier? Give our generator a try… it’s tasty;743;388
40;Jerky beef strip steak, pancetta bresaola shank leberkas. Chuck cow bacon pork chop, biltong rump ba;Does your lorem ipsum text long for something a little meatier? Give our generator a try… it’s tasty;421;16
41;Spicy jalapeno bacon ipsum dolor amet boudin hamburger ground round frankfurter meatball. Beef bilto;Jerky beef strip steak, pancetta bresaola shank leberkas. Chuck cow bacon pork chop, biltong rump ba;747;576
42;Turkey rump landjaeger filet mignon shank frankfurter jerky brisket tri-tip turducken cupim meatball;Turkey rump landjaeger filet mignon shank frankfurter jerky brisket tri-tip turducken cupim meatball;466;507
43;Turkey rump landjaeger filet mignon shank frankfurter jerky brisket tri-tip turducken cupim meatball;Spicy jalapeno bacon ipsum dolor amet boudin hamburger ground round frankfurter meatball. Beef bilto;179;976
44;Ham hock beef bacon, cupim pork belly burgdoggen meatball pork boudin buffalo tongue short loin fran;Does your lorem ipsum text long for something a little meatier? Give our generator a try… it’s tasty;731;714
45;Does your lorem ipsum text long for something a little meatier? Give our generator a try… it’s tasty;Jerky beef strip steak, pancetta bresaola shank leberkas. Chuck cow bacon pork chop, biltong rump ba;458;852
46;Jerky beef strip steak, pancetta bresaola shank leberkas. Chuck cow bacon pork chop, biltong rump ba;Jerky beef strip steak, pancetta bresaola shank leberkas. Chuck cow bacon pork chop, biltong rump ba;984;42
47;Spicy jalapeno bacon ipsum dolor amet boudin hamburger ground round frankfurter meatball. Beef bilto;Does your lorem ipsum text long for something a little meatier? Give our generator a try… it’s tasty;160;982
48;Turkey rump landjaeger filet mignon shank frankfurter jerky brisket tri-tip turducken cupim meatball;Ham hock beef bacon, cupim pork belly burgdoggen meatball pork boudin buffalo tongue short loin fran;369;398
49;Spicy jalapeno bacon ipsum dolor amet boudin hamburger ground round frankfurter meatball. Beef bilto;Does your lorem ipsum text long for something a little meatier? Give our generator a try… it’s tasty;820;575
50;Does your lorem ipsum text long for something a little meatier? Give our generator a try… it’s tasty;Ham hock beef bacon, cupim pork belly burgdoggen meatball pork boudin buffalo tongue short loin fran;284;568
51;Ham hock beef bacon, cupim pork belly burgdoggen meatball pork boudin buffalo tongue short loin fran;Does your lorem ipsum text long for something a little meatier? Give our generator a try… it’s tasty;85;863
52;Ham hock beef bacon, cupim pork belly burgdoggen meatball pork boudin buffalo tongue short loin fran;Jerky beef strip steak, pancetta bresaola shank leberkas. Chuck cow bacon pork chop, biltong rump ba;763;866
53;Turkey rump landjaeger filet mignon shank frankfurter jerky brisket tri-tip turducken cupim meatball;Ham hock beef bacon, cupim pork belly burgdoggen meatball pork boudin buffalo tongue short loin fran;131;316
54;Does your lorem ipsum text long for something a little meatier? Give our generator a try… it’s tasty;Spicy jalapeno bacon ipsum dolor amet boudin hamburger ground round frankfurter meatball. Beef bilto;801;441
55;Ham hock beef bacon, cupim pork belly burgdoggen meatball pork boudin buffalo tongue short loin fran;Does your lorem ipsum text long for something a little meatier? Give our generator a try… it’s tasty;365;42
56;Jerky beef strip steak, pancetta bresaola shank leberkas. Chuck cow bacon pork chop, biltong rump ba;Does your lorem ipsum text long for something a little meatier? Give our generator a try… it’s tasty;367;422
57;Does your lorem ipsum text long for something a little meatier? Give our generator a try… it’s tasty;Turkey rump landjaeger filet mignon shank frankfurter jerky brisket tri-tip turducken cupim meatball;894;985
58;Ham hock beef bacon, cupim pork belly burgdoggen meatball pork boudin buffalo tongue short loin fran;Jerky beef strip steak, pancetta bresaola shank leberkas. Chuck cow bacon pork chop, biltong rump ba;749;624
59;Spicy jalapeno bacon ipsum dolor amet boudin hamburger ground round frankfurter meatball. Beef bilto;Jerky beef strip steak, pancetta bresaola shank leberkas. Chuck cow bacon pork chop, biltong rump ba;814;156
60;Ham hock beef bacon, cupim pork belly burgdoggen meatball pork boudin buffalo tongue short loin fran;Jerky beef strip steak, pancetta bresaola shank leberkas. Chuck cow bacon pork chop, biltong rump ba;262;799
61;Turkey rump landjaeger filet mignon shank frankfurter jerky brisket tri-tip turducken cupim meatball;Turkey rump landjaeger filet mignon shank frankfurter jerky brisket tri-tip turducken cupim meatball;228;215
62;Ham hock beef bacon, cupim pork belly burgdoggen meatball pork boudin buffalo tongue short loin fran;Does your lorem ipsum text long for something a little meatier? Give our generator a try… it’s tasty;988;269
63;Spicy jalapeno bacon ipsum dolor amet boudin hamburger ground round frankfurter meatball. Beef bilto;Turkey rump landjaeger filet mignon shank frankfurter jerky brisket tri-tip turducken cupim meatball;97;323
64;Spicy jalapeno bacon ipsum dolor amet boudin hamburger ground round frankfurter meatball. Beef bilto;Jerky beef strip steak, pancetta bresaola shank leberkas. Chuck cow bacon pork chop, biltong rump ba;999;46
65;Turkey rump landjaeger filet mignon shank frankfurter jerky brisket tri-tip turducken cupim meatball;Turkey rump landjaeger filet mignon shank frankfurter jerky brisket tri-tip turducken cupim meatball;362;562
66;Ham hock beef bacon, cupim pork belly burgdoggen meatball pork boudin buffalo tongue short loin fran;Does your lorem ipsum text long for something a little meatier? Give our generator a try… it’s tasty;813;925
67;Turkey rump landjaeger filet mignon shank frankfurter jerky brisket tri-tip turducken cupim meatball;Ham hock beef bacon, cupim pork belly burgdoggen meatball pork boudin buffalo tongue short loin fran;791;424
68;Ham hock beef bacon, cupim pork belly burgdoggen meatball pork boudin buffalo tongue short loin fran;Jerky beef strip steak, pancetta bresaola shank leberkas. Chuck cow bacon pork chop, biltong rump ba;289;208
69;Spicy jalapeno bacon ipsum dolor amet boudin hamburger ground round frankfurter meatball. Beef bilto;Ham hock beef bacon, cupim pork belly burgdoggen meatball pork boudin buffalo tongue short loin fran;956;181
70;Spicy jalapeno bacon ipsum dolor amet boudin hamburger ground round frankfurter meatball. Beef bilto;Turkey rump landjaeger filet mignon shank frankfurter jerky brisket tri-tip turducken cupim meatball;581;346
71;Ham hock beef bacon, cupim pork belly burgdoggen meatball pork boudin buffalo tongue short loin fran;Jerky beef strip steak, pancetta bresaola shank leberkas. Chuck cow bacon pork chop, biltong rump ba;187;450
72;Jerky beef strip steak, pancetta bresaola shank leberkas. Chuck cow bacon pork chop, biltong rump ba;Spicy jalapeno bacon ipsum dolor amet boudin hamburger ground round frankfurter meatball. Beef bilto;547;485
73;Ham hock beef bacon, cupim pork belly burgdoggen meatball pork boudin buffalo tongue short loin fran;Spicy jalapeno bacon ipsum dolor amet boudin hamburger ground round frankfurter meatball. Beef bilto;314;530
74;Does your lorem ipsum text long for something a little meatier? Give our generator a try… it’s tasty;Turkey rump landjaeger filet mignon shank frankfurter jerky brisket tri-tip turducken cupim meatball;589;709
75;Does your lorem ipsum text long for something a little meatier? Give our generator a try… it’s tasty;Spicy jalapeno bacon ipsum dolor amet boudin hamburger ground round frankfurter meatball. Beef bilto;514;255
76;Spicy jalapeno bacon ipsum dolor amet boudin hamburger ground round frankfurter meatball. Beef bilto;Spicy jalapeno bacon ipsum dolor amet boudin hamburger ground round frankfurter meatball. Beef bilto;455;278
77;Turkey rump landjaeger filet mignon shank frankfurter jerky brisket tri-tip turducken cupim meatball;Turkey rump landjaeger filet mignon shank frankfurter jerky brisket tri-tip turducken cupim meatball;939;466
78;Spicy jalapeno bacon ipsum dolor amet boudin hamburger ground round frankfurter meatball. Beef bilto;Does your lorem ipsum text long for something a little meatier? Give our generator a try… it’s tasty;608;632
79;Ham hock beef bacon, cupim pork belly burgdoggen meatball pork boudin buffalo tongue short loin fran;Turkey rump landjaeger filet mignon shank frankfurter jerky brisket tri-tip turducken cupim meatball;505;196
80;Does your lorem ipsum text long for something a little meatier? Give our generator a try… it’s tasty;Ham hock beef bacon, cupim pork belly burgdoggen meatball pork boudin buffalo tongue short loin fran;684;846
81;Spicy jalapeno bacon ipsum dolor amet boudin hamburger ground round frankfurter meatball. Beef bilto;Turkey rump landjaeger filet mignon shank frankfurter jerky brisket tri-tip turducken cupim meatball;295;460
82;Spicy jalapeno bacon ipsum dolor amet boudin hamburger ground round frankfurter meatball. Beef bilto;Jerky beef strip steak, pancetta bresaola shank leberkas. Chuck cow bacon pork chop, biltong rump ba;264;936
83;Does your lorem ipsum text long for something a little meatier? Give our generator a try… it’s tasty;Turkey rump landjaeger filet mignon shank frankfurter jerky brisket tri-tip turducken cupim meatball;793;417
84;Ham hock beef bacon, cupim pork belly burgdoggen meatball pork boudin buffalo tongue short loin fran;Turkey rump landjaeger filet mignon shank frankfurter jerky brisket tri-tip turducken cupim meatball;787;587
85;Spicy jalapeno bacon ipsum dolor amet boudin hamburger ground round frankfurter meatball. Beef bilto;Does your lorem ipsum text long for something a little meatier? Give our generator a try… it’s tasty;196;216
86;Does your lorem ipsum text long for something a little meatier? Give our generator a try… it’s tasty;Ham hock beef bacon, cupim pork belly burgdoggen meatball pork boudin buffalo tongue short loin fran;193;102
87;Ham hock beef bacon, cupim pork belly burgdoggen meatball pork boudin buffalo tongue short loin fran;Spicy jalapeno bacon ipsum dolor amet boudin hamburger ground round frankfurter meatball. Beef bilto;146;461
88;Ham hock beef bacon, cupim pork belly burgdoggen meatball pork boudin buffalo tongue short loin fran;Does your lorem ipsum text long for something a little meatier? Give our generator a try… it’s tasty;665;182
89;Turkey rump landjaeger filet mignon shank frankfurter jerky brisket tri-tip turducken cupim meatball;Spicy jalapeno bacon ipsum dolor amet boudin hamburger ground round frankfurter meatball. Beef bilto;464;910
90;Does your lorem ipsum text long for something a little meatier? Give our generator a try… it’s tasty;Turkey rump landjaeger filet mignon shank frankfurter jerky brisket tri-tip turducken cupim meatball;571;774
91;Turkey rump landjaeger filet mignon shank frankfurter jerky brisket tri-tip turducken cupim meatball;Ham hock beef bacon, cupim pork belly burgdoggen meatball pork boudin buffalo tongue short loin fran;545;77
92;Ham hock beef bacon, cupim pork belly burgdoggen meatball pork boudin buffalo tongue short loin fran;Turkey rump landjaeger filet mignon shank frankfurter jerky brisket tri-tip turducken cupim meatball;187;418
93;Ham hock beef bacon, cupim pork belly burgdoggen meatball pork boudin buffalo tongue short loin fran;Ham hock beef bacon, cupim pork belly burgdoggen meatball pork boudin buffalo tongue short loin fran;397;66
94;Spicy jalapeno bacon ipsum dolor amet boudin hamburger ground round frankfurter meatball. Beef bilto;Jerky beef strip steak, pancetta bresaola shank leberkas. Chuck cow bacon pork chop, biltong rump ba;82;796
95;Ham hock beef bacon, cupim pork belly burgdoggen meatball pork boudin buffalo tongue short loin fran;Spicy jalapeno bacon ipsum dolor amet boudin hamburger ground round frankfurter meatball. Beef bilto;725;690
96;Does your lorem ipsum text long for something a little meatier? Give our generator a try… it’s tasty;Ham hock beef bacon, cupim pork belly burgdoggen meatball pork boudin buffalo tongue short loin fran;495;233
97;Turkey rump landjaeger filet mignon shank frankfurter jerky brisket tri-tip turducken cupim meatball;Jerky beef strip steak, pancetta bresaola shank leberkas. Chuck cow bacon pork chop, biltong rump ba;17;986
98;Ham hock beef bacon, cupim pork belly burgdoggen meatball pork boudin buffalo tongue short loin fran;Spicy jalapeno bacon ipsum dolor amet boudin hamburger ground round frankfurter meatball. Beef bilto;134;813
99;Jerky beef strip steak, pancetta bresaola shank leberkas. Chuck cow bacon pork chop, biltong rump ba;Turkey rump landjaeger filet mignon shank frankfurter jerky brisket tri-tip turducken cupim meatball;810;207
